K,Accuracy,Precision,Recall,F1 Score
13,0.74344,0.02778227766078082,0.2936643835616438,0.05076217256178778
11,0.75724,0.027765820060266896,0.2761130136986301,0.05045763905186576
15,0.72978,0.027414043954360978,0.3065068493150685,0.050326843326070146
9,0.77333,0.027603513174404015,0.2542808219178082,0.04980088031859149
7,0.79224,0.02713098779361986,0.2264554794520548,0.0484565356782999
5,0.81539,0.02670971529204579,0.19477739726027396,0.04697744050384595
3,0.8487,0.026919094808460286,0.1558219178082192,0.045907428427292216
1,0.89715,0.026676193878766227,0.0958904109589041,0.04174042672132675
